"Unnamed: 0","id","initialdat","finaldate","area_ha","longitude","latitude","days_between"
"308","25470737","2022-06-14","2022-06-14","21.4819118319035","39.7548455289002","38.6395833500249","0"
"1501","25470895","2022-06-04","2022-07-08","74687.6396860983","40.3352909613143","37.0835304759633","34"
"1502","25471203","2022-06-16","2022-06-16","21.4734073767185","40.114090722374","36.8937500156163","0"
"349436","25439826","2022-06-12","2022-06-12","21.4938178618312","27.6973621809071","41.0437500182744","0"
"349437","25439828","2022-06-14","2022-06-14","21.4911193327904","38.1798052431753","40.50208335124","0"
"349438","25439829","2022-06-02","2022-06-02","21.4904148866653","39.0727929277409","40.3604166844782","0"
"349439","25439830","2022-06-02","2022-06-04","42.9807882910252","39.0567087218977","40.3562500178088","2"
"349440","25439831","2022-06-02","2022-06-04","64.4710585396051","39.0436819322152","40.3479166844699","2"
"349441","25439832","2022-06-01","2022-06-01","21.4903113494158","39.0279259475695","40.339583351131","0"
"349442","25439833","2022-06-12","2022-06-12","64.4707481487513","30.0627978185029","40.3270833511226","0"
"349443","25439834","2022-06-12","2022-06-12","42.9799190210104","30.1214957595771","40.2687500177503","0"
"349444","25439835","2022-06-10","2022-06-10","42.9746709507108","27.8081915398591","39.7395833507335","0"
"349445","25439836","2022-06-05","2022-06-05","21.4873147746682","27.8038013037145","39.7354166840641","0"
"349446","25439837","2022-06-05","2022-06-11","558.675448673248","27.84579964426","39.7222767416035","6"
"349447","25439838","2022-06-12","2022-06-12","21.4872735023618","27.9142101763709","39.7270833507253","0"
"349448","25439839","2022-06-12","2022-06-14","42.9744232575536","27.8631096338203","39.7145833507171","2"
"349449","25439840","2022-06-11","2022-06-11","21.4869642394185","27.9809614704159","39.6645833506844","0"
"349450","25439841","2022-06-14","2022-06-14","21.4865313577056","28.0591301855281","39.5770833506272","0"
"359762","25470827","2022-06-04","2022-06-04","21.4761120917082","39.4301233635259","37.4520833492873","0"
"359832","25470829","2022-06-03","2022-06-03","21.4760918158889","39.4856585414162","37.4479166826181","0"
"359908","25470821","2022-06-03","2022-06-03","64.4296019746184","39.3913788056821","37.4715278353654","0"
"359922","25470790","2022-06-04","2022-06-04","21.4768412379503","39.3043827489894","37.6020833493789","0"
"359925","25470900","2022-06-03","2022-06-03","21.4751617127776","39.7618877522492","37.2562500158349","0"
"359937","25470824","2022-06-03","2022-06-03","21.4761928895831","39.5071598522418","37.4687500159641","0"
"359968","25470770","2022-06-03","2022-06-03","21.4771046515465","39.4067207431506","37.6562500160788","0"
"359981","25470722","2022-06-03","2022-06-03","42.984769177866","40.8364192783999","40.7562500180784","0"
"359986","25470736","2022-06-02","2022-06-04","42.9638235848308","39.7468438827019","38.6395833500249","2"
"359987","25470738","2022-06-03","2022-06-04","64.4380817750335","40.0575305326941","38.1187500163647","1"
"359988","25470744","2022-06-03","2022-06-03","42.9552439065933","39.0811450822032","37.7625000748241","0"
"359989","25470745","2022-06-03","2022-06-05","64.4332396964073","39.0771005276944","37.7465278460403","2"
"359990","25470747","2022-06-04","2022-06-04","42.9550209083796","39.1428083717491","37.7395833494634","0"
"359991","25470759","2022-06-03","2022-06-03","21.4773075877666","39.1181660950729","37.6979166827711","0"
"359992","25470760","2022-06-07","2022-06-07","21.4773075822473","39.3446022722396","37.6979166827711","0"
"359993","25470762","2022-06-03","2022-06-03","21.4772669200301","39.4770802243931","37.6895833494326","0"
"359994","25470763","2022-06-03","2022-06-05","558.407157227993","39.1767532924771","37.6700329060074","2"
"359995","25470765","2022-06-04","2022-06-04","21.477185706377","39.3418714370833","37.6729166827557","0"
"359996","25470769","2022-06-03","2022-06-03","85.9084800395966","39.2267980854995","37.6593750599251","0"
"359997","25470772","2022-06-04","2022-06-04","21.4770845952511","39.1518996932969","37.6520833494096","0"
"359998","25470774","2022-06-04","2022-06-04","21.4770641966343","39.2339017183636","37.6479166827404","0"
"359999","25470776","2022-06-03","2022-06-03","21.477043934226","39.1632934059064","37.6437500160711","0"
"360000","25470826","2022-06-08","2022-06-08","21.4761324494481","40.4243611097116","37.4562500159565","0"
"360001","25470777","2022-06-03","2022-06-04","64.4310101615071","39.1431160797001","37.635416838497","1"
"360002","25470779","2022-06-03","2022-06-03","21.4770236464977","39.3084278496855","37.6395833494019","0"
"360003","25470781","2022-06-03","2022-06-08","150.339077954674","39.2493297117071","37.6258931412574","5"
"360004","25470782","2022-06-04","2022-06-04","21.4769626645684","39.5490801763839","37.6270833493943","0"
"360005","25470783","2022-06-03","2022-06-07","64.4314112470627","39.2112034799437","37.6215278457289","4"
"360006","25470784","2022-06-02","2022-06-04","64.4307263251781","39.5501832036908","37.6159722901631","2"
"360007","25470785","2022-06-04","2022-06-04","21.4769019691825","39.179487575202","37.6145833493866","0"
"360008","25470787","2022-06-01","2022-06-05","64.4306044469953","39.3634203974725","37.6076389568091","4"
"360009","25470788","2022-06-04","2022-06-04","42.9536621831894","39.2191380201239","37.6000000743813","0"
"360010","25470789","2022-06-03","2022-06-04","85.9073242693901","39.2585805530033","37.6000000743813","1"
"360011","25470791","2022-06-10","2022-06-10","21.4768211000085","39.2232985433669","37.5979166827097","0"
"360012","25470792","2022-06-04","2022-06-04","21.4768008827806","39.3210152701319","37.5937500160405","0"
"360013","25470793","2022-06-14","2022-06-14","21.4768004585505","39.3788596255943","37.5937500160405","0"
"360014","25470796","2022-06-04","2022-06-04","128.860211322296","39.3261943674284","37.5604170860315","0"
"360015","25470797","2022-06-08","2022-06-08","21.4766385401487","39.5084096041536","37.5604166826868","0"
"360016","25470798","2022-06-03","2022-06-04","64.4298547396183","39.3012190994367","37.5562500160175","1"
"360017","25470799","2022-06-02","2022-06-04","64.4298345414042","39.3512930061265","37.5548611788967","2"
"360018","25470800","2022-06-02","2022-06-04","64.4292119843006","39.3873498958501","37.5534722900079","2"
"360019","25470801","2022-06-03","2022-06-04","85.9062094676018","39.3150994830596","37.5427083930027","1"
"360020","25470803","2022-06-04","2022-06-04","21.4765372178674","39.3712539283107","37.5395833493407","0"
"360021","25470804","2022-06-06","2022-06-06","21.476516770947","39.1326032573112","37.5354166826715","0"
"360022","25470805","2022-06-04","2022-06-04","21.4764560067058","39.231117538077","37.5229166826638","0"
"360023","25470806","2022-06-03","2022-06-04","236.240613847768","39.4095583231288","37.5153413076024","1"
"360024","25470807","2022-06-03","2022-06-03","21.476436000526","39.3024728212213","37.5187500159946","0"
"360025","25470809","2022-06-04","2022-06-04","21.4764156309128","39.1794595469355","37.5145833493254","0"
"360026","25470810","2022-06-03","2022-06-03","21.4764156282187","39.2319894920274","37.5145833493254","0"
"360027","25470811","2022-06-03","2022-06-03","21.4764157854199","39.2845194371194","37.5145833493254","0"
"360028","25470812","2022-06-03","2022-06-04","42.9528108359933","39.3096871731796","37.5125000741437","1"
"360029","25470813","2022-06-06","2022-06-06","21.4763750761986","39.1803380003889","37.506250015987","0"
"360030","25470814","2022-06-03","2022-06-03","21.4763750619411","39.3641722828488","37.506250015987","0"
"360031","25470815","2022-06-12","2022-06-12","42.9526493112087","40.4195196293948","37.4958334074319","0"
"360032","25470817","2022-06-04","2022-06-04","21.4762948733091","39.1978505128746","37.4895833493101","0"
"360033","25470818","2022-06-12","2022-06-12","21.4762941316724","40.4318909536944","37.4895833493101","0"
"360034","25471027","2022-06-11","2022-06-11","21.4746973507762","40.8250480041977","37.1604166824435","0"
"360035","25470819","2022-06-03","2022-06-03","64.4286394859791","39.4796120196902","37.4729168374861","0"
"360036","25470820","2022-06-04","2022-06-04","21.4762130460382","39.3676104055372","37.4729166826333","0"
"360037","25470831","2022-06-04","2022-06-04","42.9521632028937","39.5449131041587","37.4458334072964","0"
"360038","25470840","2022-06-04","2022-06-04","21.4760110220432","39.4821124380534","37.4312500159412","0"
"360039","25470841","2022-06-04","2022-06-06","85.903921784389","39.2492733093278","37.4250000739067","2"
"360040","25470843","2022-06-02","2022-06-08","622.807000386345","39.291678190764","37.4131473731478","6"
"360041","25470845","2022-06-13","2022-06-13","21.4759704167247","39.2468694457908","37.4229166826028","0"
"360042","25470848","2022-06-11","2022-06-11","21.4758692683339","39.2936514365744","37.4020833492568","0"
"360043","25470850","2022-06-04","2022-06-04","21.4758489610672","39.5537070795744","37.3979166825876","0"
"360044","25470851","2022-06-02","2022-06-02","21.475828821826","39.6091979404811","37.3937500159184","0"
"360045","25470852","2022-06-02","2022-06-02","21.4758085387111","39.3028314350802","37.3895833492492","0"
"360046","25470857","2022-06-02","2022-06-02","64.4274991551638","39.5773915324804","37.3798611884765","0"
"360047","25470876","2022-06-03","2022-06-03","21.4753840144753","39.4508680671242","37.302083349196","0"
"360048","25470896","2022-06-03","2022-06-04","64.4254852065444","39.3326237412328","37.2562500158349","1"
"360049","25470906","2022-06-11","2022-06-14","64.4254246256351","40.2831524273207","37.2520833491657","3"
"360050","25470912","2022-06-12","2022-06-12","21.4750808716178","39.329158888858","37.2395833491581","0"
"360051","25470916","2022-06-06","2022-06-06","21.4750606656671","39.33745202503","37.2354166824889","0"
"360052","25470917","2022-06-05","2022-06-05","21.475060753572","39.5310907830852","37.2354166824889","0"
"360053","25470919","2022-06-14","2022-06-14","21.4750607838631","40.2847118955163","37.2354166824889","0"
"360054","25470923","2022-06-14","2022-06-14","21.4750406899214","39.9527945764474","37.2312500158197","0"
"360055","25470926","2022-06-11","2022-06-14","193.276211774814","40.3527008940265","37.223379914079","3"
"360056","25470927","2022-06-11","2022-06-11","21.4750405474901","40.7639391385447","37.2312500158197","0"
"360057","25470931","2022-06-14","2022-06-14","21.4750202556968","39.9715185556109","37.2270833491505","0"
"360058","25470933","2022-06-04","2022-06-08","42.9500002761364","39.4905261878214","37.2229166824813","4"
"360059","25470937","2022-06-13","2022-06-14","85.8999197519541","40.3268244760721","37.2187501308883","1"
"360060","25470939","2022-06-01","2022-06-01","42.9499600793839","39.451718498683","37.2187500158121","0"
"360061","25471003","2022-06-11","2022-06-11","21.4747780261874","42.5179312730979","37.1770833491203","0"
"360062","25471013","2022-06-13","2022-06-13","21.4747375926137","42.3354610158018","37.1687500157819","0"
"360063","25471018","2022-06-14","2022-06-14","21.4747175113797","40.5815556604824","37.1645833491127","0"
"360064","25471035","2022-06-14","2022-06-14","21.4746571787238","39.9266105278359","37.1520833491052","0"
"360065","25471065","2022-06-11","2022-06-11","21.4745963499665","40.7667608538247","37.1395833490976","0"
"360066","25471072","2022-06-11","2022-06-11","42.9491526459932","40.9186990949052","37.1354166824284","0"
"360067","25471080","2022-06-14","2022-06-14","21.4745562351227","40.9556429403529","37.1312500157592","0"
"360068","25471081","2022-06-02","2022-06-02","21.4745358380675","39.9604519896238","37.1270833490901","0"
"360069","25471087","2022-06-04","2022-06-04","21.4745157691836","41.0295190777693","37.1229166824209","0"
"360070","25471089","2022-06-12","2022-06-12","21.4744957222342","41.0951910951408","37.1187500157517","0"
"360071","25471101","2022-06-14","2022-06-14","42.948910698545","40.6439456531743","37.1104166824133","0"
"360072","25471110","2022-06-08","2022-06-09","150.321254733658","39.9979711132755","37.0949406041469","1"
"360073","25471116","2022-06-03","2022-06-03","21.4743544449449","39.8623198619972","37.0895833490674","0"
"360074","25471118","2022-06-14","2022-06-14","21.4743342475891","40.4085545805877","37.0854166823983","0"
"360075","25471127","2022-06-03","2022-06-03","21.4742535532117","39.8879213610003","37.0687500157215","0"
"360076","25471128","2022-06-03","2022-06-04","128.845461574769","39.9024912858556","37.0666667396086","1"
"360077","25471137","2022-06-11","2022-06-11","21.4741930840492","39.197385726299","37.056250015714","0"
"360078","25471140","2022-06-02","2022-06-02","21.4741730212927","39.6807689011983","37.0520833490448","0"
"360079","25471144","2022-06-02","2022-06-02","21.4741325226903","39.185710262868","37.0437500157065","0"
"360080","25471152","2022-06-14","2022-06-14","42.948225221765","40.4859373860116","37.0395833490373","0"
"360081","25471160","2022-06-14","2022-06-14","21.4740720617533","40.2753292364978","37.0312500156989","0"
"360082","25471162","2022-06-11","2022-06-12","42.9480840094924","40.1859026537221","37.0250000728304","1"
"360083","25471167","2022-06-14","2022-06-14","21.4740318238735","40.2604733495999","37.0229166823606","0"
"360084","25471178","2022-06-11","2022-06-11","21.4739714364529","40.1442741819384","37.0104166823531","0"
"360085","25471180","2022-06-10","2022-06-10","21.4739511903286","40.1525089920266","37.0062500156839","0"
"360086","25471185","2022-06-14","2022-06-14","21.4739311502457","40.3016122334238","37.0020833490147","0"
"360087","25471191","2022-06-13","2022-06-13","21.4738101351142","40.2518586296754","36.9770833489997","0"
"360088","25471192","2022-06-14","2022-06-14","21.4738102052927","40.2622899503439","36.9770833489997","0"
"360089","25471195","2022-06-03","2022-06-03","21.4737497829556","39.9688641687704","36.9645833489922","0"
"360090","25471196","2022-06-04","2022-06-06","42.947499472177","40.1748489211563","36.9645833489922","2"
"360091","25471201","2022-06-12","2022-06-13","150.31445726608","39.8085755018581","36.9116074000266","1"
"360092","25471202","2022-06-03","2022-06-03","21.473447828722","40.1132606603239","36.9020833489547","0"
"360093","25471204","2022-06-02","2022-06-03","85.8934692486525","40.0914792188962","36.8854167959704","1"
"360094","25471208","2022-06-06","2022-06-06","21.4733068070531","39.493748364057","36.8729166822705","0"
"360095","25471210","2022-06-08","2022-06-14","85.8930465399623","39.4641647749864","36.8635417248634","6"
"360096","25471212","2022-06-11","2022-06-11","21.4732465762734","39.4872875022006","36.860416682263","0"
"360097","25471215","2022-06-07","2022-06-07","21.4732064631581","39.6964743725053","36.8520833489247","0"
"360098","25471217","2022-06-04","2022-06-04","21.4731863197446","39.5120716460894","36.8479166822556","0"
"360099","25471219","2022-06-11","2022-06-11","21.4731660850883","39.483885781486","36.8437500155864","0"
"360100","25471227","2022-06-04","2022-06-04","21.4731056608319","39.7168956254184","36.8312500155789","0"
"360101","25471228","2022-06-06","2022-06-06","21.4730856671333","39.7824030974458","36.8270833489097","0"
"360102","25471229","2022-06-03","2022-06-03","21.4730656816959","39.7958523051978","36.8229166822406","0"
"360103","25471235","2022-06-03","2022-06-03","21.4729449537516","39.4706533311611","36.7979166822256","0"
"360104","25471237","2022-06-12","2022-06-12","42.9458898869395","39.8687160798033","36.7979166822256","0"
"360105","25471239","2022-06-01","2022-06-01","21.4729248436928","39.9003679733537","36.7937500155565","0"
"360106","25471245","2022-06-03","2022-06-03","21.4728846106529","39.8335974231188","36.7854166822182","0"
"360107","25471246","2022-06-14","2022-06-14","21.4728846411824","39.8388000088202","36.7854166822182","0"
"360108","25471248","2022-06-08","2022-06-09","42.9456487399578","39.1742836409347","36.7729166822107","1"
"360109","25471249","2022-06-11","2022-06-11","21.4728243533611","39.4733835359483","36.7729166822107","0"
"360110","25471254","2022-06-05","2022-06-05","21.4727639945745","39.5241592378014","36.7604166822032","0"
"360111","25471256","2022-06-04","2022-06-04","21.4727037697554","39.5281198942505","36.7479166821958","0"
"383491","25439842","2022-06-19","2022-06-20","85.9417891081691","34.4214412336197","39.3416667459029","1"
"383536","25439824","2022-06-28","2022-07-02","64.4816408431649","27.6915735097492","41.056250018283","4"
"383537","25439825","2022-06-30","2022-06-30","64.481915061903","27.6948483525123","41.0465278624019","0"
"383564","25439827","2022-06-30","2022-06-30","42.9876358556271","27.7166981273782","41.0437500182744","0"
"383592","25439843","2022-06-17","2022-06-22","128.907069379127","32.1319468492198","39.1895835150667","5"
"383593","25439844","2022-06-25","2022-06-27","85.9040835673213","36.8989226094689","37.4333334072626","2"
"383596","25439845","2022-06-21","2022-06-26","4788.54735930991","28.1317837272684","36.859428593561","5"
"400675","25470952","2022-06-27","2022-06-27","21.4749195101619","39.6989086352338","37.2062500158046","0"
"400804","25470913","2022-06-27","2022-06-29","42.9501620672107","39.535892773495","37.2395833491581","2"
"400914","25470886","2022-06-22","2022-06-22","21.4752628519773","39.8357264086448","37.2770833491808","0"
"400934","25470884","2022-06-22","2022-06-22","64.4248252180338","39.8696258427392","37.2784722792686","0"
"400955","25470951","2022-06-17","2022-06-17","21.4749394998431","40.5224847423078","37.2104166824738","0"
"400997","25470758","2022-06-29","2022-06-29","21.4773075906157","39.1023682222473","37.6979166827711","0"
"400998","25470870","2022-06-28","2022-06-28","21.4755658281207","39.6644648053257","37.3395833492188","0"
"401006","25470723","2022-06-10","2022-06-20","214.91198105402","40.4475384706534","40.5179168296042","10"
"401007","25470724","2022-06-29","2022-06-29","21.4872110584974","42.9944464848605","39.7145833507171","0"
"401013","25470735","2022-06-29","2022-06-29","42.9640692793012","39.7660530278162","38.6645833500407","0"
"401014","25470739","2022-06-24","2022-06-25","42.9581100417972","40.0471108906874","38.0562500163258","1"
"401015","25470740","2022-06-23","2022-06-23","21.4783025031805","40.4832069491526","37.9020833495636","0"
"401016","25470741","2022-06-30","2022-07-06","107.391431491566","40.4824294502889","37.8987500539706","6"
"401017","25470742","2022-06-25","2022-06-25","21.4777946849108","39.0392343620043","37.7979166828326","0"
"401018","25470743","2022-06-25","2022-06-27","42.955426984632","39.0910567267294","37.7812500161557","2"
"401019","25470746","2022-06-27","2022-07-02","128.866151907372","39.0132073470138","37.74027791462","5"
"401020","25470748","2022-06-27","2022-06-29","85.9105264327049","38.9893524678139","37.7333334080778","2"
"401021","25470749","2022-06-25","2022-06-29","150.342025539267","38.9736459748573","37.7235120835164","4"
"401022","25470751","2022-06-25","2022-06-28","128.86447452091","39.1067052301589","37.7194444931138","3"
"401023","25470752","2022-06-26","2022-06-26","21.4774088804841","38.9974783683198","37.7187500161172","0"
"401024","25470753","2022-06-28","2022-07-04","193.294760667896","39.3158078041718","37.716435259161","6"
"401025","25470754","2022-06-29","2022-06-29","21.477368397975","38.9562246044698","37.7104166827788","0"
"401026","25470755","2022-06-27","2022-06-27","21.4773683435917","39.0141599077413","37.7104166827787","0"
"401027","25470756","2022-06-29","2022-06-29","21.4773278532624","39.2994174543334","37.7020833494403","0"
"401028","25470858","2022-06-18","2022-06-18","21.4757277886152","39.5772224761463","37.3729166825724","0"
"401029","25470859","2022-06-18","2022-06-18","21.4757276510596","39.7554864443765","37.3729166825724","0"
"401030","25470757","2022-06-27","2022-07-04","300.682305952168","39.3239144005452","37.6979169838416","7"
"401031","25470764","2022-06-30","2022-07-06","687.269236774635","39.2792516235231","37.6683599339608","6"
"401032","25470766","2022-06-29","2022-06-29","21.4771656875968","39.1870098408239","37.6687500160865","0"
"401033","25470768","2022-06-30","2022-06-30","21.4771249422312","39.1720840304194","37.660416682748","0"
"401034","25470771","2022-06-29","2022-06-29","21.4770843981266","39.1466369875112","37.6520833494096","0"
"401035","25470773","2022-06-29","2022-07-02","85.9076926486969","39.2507899098531","37.6500000745174","3"
"401036","25470775","2022-06-30","2022-07-09","236.24992212131","39.2826090086063","37.6441289507475","9"
"401037","25470778","2022-06-29","2022-06-29","21.4770235331774","39.1505732435029","37.6395833494019","0"
"401038","25470780","2022-06-29","2022-07-04","386.588482437968","39.2235967569836","37.634490952661","5"
"401039","25470786","2022-06-27","2022-07-11","150.338252863598","39.2349031010185","37.6127976922718","14"
"401040","25470794","2022-06-15","2022-06-15","21.4767802872062","39.3661384292824","37.5895833493713","0"
"401041","25470795","2022-06-29","2022-06-30","42.9534591820717","39.3290851192963","37.5791667409914","1"
"401042","25470802","2022-06-20","2022-06-22","64.4295712543011","39.3347568960876","37.5368056232999","2"
"401043","25470808","2022-06-23","2022-06-23","21.4764358232141","40.1640120236087","37.5187500159946","0"
"401044","25470816","2022-06-27","2022-06-27","21.4763144557595","40.1820731156351","37.4937500159793","0"
"401045","25470828","2022-06-27","2022-06-27","21.4761121249557","39.5508412120927","37.4520833492873","0"
"401046","25470830","2022-06-29","2022-07-04","257.712575135994","39.5268120965684","37.438889478351","5"
"401047","25470832","2022-06-30","2022-06-30","21.4760918398142","39.5801281172444","37.447916682618","0"
"401049","25470834","2022-06-30","2022-07-10","579.856444524193","39.2614222909611","37.4425162395611","10"
"401050","25470842","2022-06-27","2022-06-27","21.4759904649615","39.2857815573056","37.427083349272","0"
"401051","25470846","2022-06-27","2022-06-27","21.4759298353434","39.2425024598863","37.4145833492644","0"
"401052","25470847","2022-06-14","2022-06-16","42.9518193449378","39.2796622530386","37.4104166825952","2"
"401053","25470849","2022-06-27","2022-07-03","193.28288405056","39.5822830945521","37.4034724441009","6"
"401054","25470853","2022-06-29","2022-06-29","21.4758086409688","39.5597983762121","37.3895833492492","0"
"401055","25470854","2022-06-29","2022-07-04","64.4273648098469","39.5208923757176","37.38541668258","5"
"401056","25470855","2022-06-16","2022-06-16","21.4757882272124","40.1816277886183","37.38541668258","0"
"401057","25470856","2022-06-16","2022-06-16","21.4757681636214","39.5554018746186","37.3812500159108","0"
"401058","25470860","2022-06-29","2022-07-03","64.4271426165342","39.7365383099011","37.3701389562208","4"
"401059","25470866","2022-06-22","2022-06-24","107.378496395302","39.6479016994499","37.3479167900863","2"
"401060","25470875","2022-06-28","2022-06-28","21.4753841053843","39.4299156044981","37.302083349196","0"
"401061","25470877","2022-06-20","2022-06-22","85.9020115438938","39.7199493211831","37.2958334068912","2"
"401062","25470878","2022-06-18","2022-06-18","21.4753636619806","39.7420008015629","37.2979166825268","0"
"401063","25470879","2022-06-19","2022-06-26","236.227635869336","42.349456501429","37.2910987440055","7"
"401064","25470881","2022-06-18","2022-06-22","236.230884967387","39.5765510862397","37.2884472410647","4"
"401065","25470883","2022-06-27","2022-06-27","21.4753030832767","39.4368918468848","37.2854166825192","0"
"401066","25470888","2022-06-25","2022-06-25","21.4752424071789","39.6869111946664","37.2729166825116","0"
"401067","25470889","2022-06-27","2022-06-27","21.4752424406171","39.7916329076938","37.2729166825116","0"
"401068","25470890","2022-06-21","2022-06-21","21.4752224947929","39.7894308647318","37.2687500158424","0"
"401069","25470891","2022-06-22","2022-06-22","42.9504243492842","39.8721006312006","37.2666667401459","0"
"401070","25470892","2022-06-30","2022-06-30","21.4752223299503","39.8784393948586","37.2687500158424","0"
"401071","25470971","2022-06-18","2022-06-26","558.343095444012","42.3478463382751","37.1790072864125","8"
"401072","25470972","2022-06-25","2022-06-25","21.4748386586428","39.6744539921773","37.1895833491278","0"
"401073","25471120","2022-06-21","2022-06-21","21.4743140090466","40.197420813818","37.0812500157291","0"
"401075","25470893","2022-06-20","2022-07-04","1696.54068228861","39.8400670107897","37.2440688685881","14"
"401076","25470898","2022-06-30","2022-06-30","21.4751616017461","39.5891351624499","37.2562500158349","0"
"401077","25470901","2022-06-15","2022-06-22","107.375707431173","39.7806271408004","37.2520834413379","7"
"401078","25470903","2022-06-18","2022-06-18","21.4751415486813","39.8643814320408","37.2520833491657","0"
"401079","25470907","2022-06-11","2022-06-15","107.375710164428","40.758748141133","37.2487501454712","4"
"401080","25470908","2022-06-26","2022-06-26","21.475121265471","39.9040518110544","37.2479166824965","0"
"401081","25470909","2022-06-21","2022-06-21","21.47510115031","39.5354614453478","37.2437500158273","0"
"401082","25470910","2022-06-22","2022-06-22","21.4751011230946","39.7029513197434","37.2437500158273","0"
"401083","25470911","2022-06-18","2022-06-20","107.375344361579","40.0396233356791","37.2370835886809","2"
"401084","25470914","2022-06-16","2022-06-26","386.550230837797","39.9328357826758","37.2243063051987","10"
"401085","25470922","2022-06-28","2022-06-28","21.4750405069709","39.9109290506617","37.2312500158197","0"
"401086","25470924","2022-06-19","2022-06-19","42.9500811299801","40.206604326523","37.2312500158197","0"
"401087","25470928","2022-06-27","2022-06-27","21.4750204272389","39.4429954981906","37.2270833491505","0"
"401088","25470930","2022-06-18","2022-06-20","42.9500205388665","39.7898841605709","37.225000073367","2"
"401089","25470932","2022-06-15","2022-06-15","42.9500408002734","40.2619445921142","37.2270833491505","0"
"401090","25470934","2022-06-25","2022-07-04","558.348602153909","39.506907190724","37.213462289122","9"
"401096","25470861","2022-06-18","2022-07-09","14946.8503962105","39.5957843169654","37.2970146130028","21"
"401097","25471020","2022-06-28","2022-07-01","42.9493946336031","39.5310479554032","37.1604166824435","3"
"401098","25470935","2022-06-24","2022-06-24","21.4750000589371","39.7233774420089","37.2229166824813","0"
"401099","25470938","2022-06-27","2022-06-27","21.4749797856092","39.4438700135706","37.2187500158121","0"
"401100","25470967","2022-06-11","2022-06-19","408.021601487315","40.3114042297885","37.191557372802","8"
"401101","25470968","2022-06-27","2022-06-27","21.474858744669","39.7132575158256","37.193750015797","0"
"401102","25470970","2022-06-18","2022-06-18","21.4748589104891","39.9590952640296","37.193750015797","0"
"401103","25471054","2022-06-22","2022-06-22","21.4746166087508","40.1887949326037","37.1437500157668","0"
"401104","25471055","2022-06-27","2022-06-27","42.9492132016897","40.203369219797","37.1416667398097","0"
"401105","25471056","2022-06-22","2022-06-22","42.9492334396124","40.212317021073","37.1437500157668","0"
"401106","25470940","2022-06-16","2022-06-29","2555.50819983088","39.9483914594669","37.187382178465","13"
"401107","25470942","2022-06-22","2022-06-29","257.699789386654","39.7195527929715","37.2090280364304","7"
"401108","25470943","2022-06-21","2022-06-21","42.9499196766496","39.7896217835664","37.214583349143","0"
"401109","25470944","2022-06-22","2022-06-22","21.4749596926808","39.8550222138482","37.214583349143","0"
"401110","25470945","2022-06-16","2022-06-16","21.4749597273588","40.0224473153696","37.214583349143","0"
"401111","25470946","2022-06-17","2022-06-21","128.849597147369","40.0395557096439","37.2090280747805","4"
"401112","25470948","2022-06-25","2022-06-26","171.799555906272","40.3505886072247","37.2093754720797","1"
"401113","25470949","2022-06-28","2022-06-28","21.4749395557284","39.8528213187715","37.2104166824738","0"
"401114","25470950","2022-06-17","2022-06-17","21.4749395633221","40.3393736499346","37.2104166824738","0"
"401115","25470953","2022-06-17","2022-06-22","171.799092435968","40.2230230262753","37.1994795238646","5"
"401116","25470954","2022-06-15","2022-06-15","21.4749192264438","40.5673304357781","37.2062500158046","0"
"401117","25470955","2022-06-27","2022-07-02","107.374556617486","39.0870115605373","37.204583496369","5"
"401118","25470956","2022-06-27","2022-06-27","21.4748992884636","39.6653300161318","37.2020833491354","0"
"401119","25470957","2022-06-22","2022-06-28","171.798564042652","39.78692981006","37.1958335216036","6"
"401120","25470958","2022-06-18","2022-06-24","171.796244379473","39.8832164021201","37.1973959977484","6"
"401121","25470961","2022-06-15","2022-06-17","42.9497983234525","40.3584597526464","37.2020833491354","2"
"401122","25470962","2022-06-13","2022-06-18","343.596395367467","42.3387984711007","37.1945316382474","5"
"401123","25470963","2022-06-17","2022-07-02","236.222829339695","39.8221006918966","37.1918563873442","15"
"401124","25470964","2022-06-18","2022-06-18","21.474878963697","40.0083786072978","37.1979166824662","0"
"401125","25470965","2022-06-16","2022-06-16","21.4748789469957","40.1862284958569","37.1979166824662","0"
"401126","25471057","2022-06-20","2022-06-20","21.4746166091561","40.382198771129","37.1437500157668","0"
"401127","25470974","2022-06-23","2022-06-29","386.545011304665","40.3823369082082","37.17500081203","6"
"401128","25470975","2022-06-25","2022-07-08","408.02038658694","39.497657944181","37.1705050670226","13"
"401129","25470976","2022-06-27","2022-06-27","42.9496367593765","39.5441297294926","37.1854166824586","0"
"401130","25470977","2022-06-23","2022-07-02","257.697518919981","39.6765032172916","37.1802085837303","9"
"401131","25470978","2022-06-18","2022-06-18","21.4748184951067","39.9651457912854","37.1854166824586","0"
"401132","25470979","2022-06-20","2022-06-20","21.474818386054","40.0802060814648","37.1854166824586","0"
"401133","25470982","2022-06-18","2022-06-18","21.4748184517622","40.4724570707127","37.1854166824586","0"
"401134","25470985","2022-06-27","2022-06-27","64.424374837327","39.8994507087766","37.1798611779709","0"
"401135","25470988","2022-06-29","2022-06-29","21.4747982712746","40.0100086686611","37.1812500157894","0"
"401136","25470989","2022-06-18","2022-06-18","21.4747981877446","40.1930490324804","37.1812500157894","0"
"401137","25470990","2022-06-20","2022-06-20","21.4747982807875","40.2662651780081","37.1812500157894","0"
"401138","25470991","2022-06-17","2022-06-17","42.9495967362761","40.5512851730981","37.1812500157894","0"
"401139","25470994","2022-06-27","2022-06-28","64.4242940120816","39.5339560470432","37.1743056224052","1"
"401140","25470995","2022-06-22","2022-06-24","42.9495560806036","39.8169274599872","37.1770833491203","2"
"401141","25471198","2022-06-15","2022-06-15","21.4737297107935","40.3212641730037","36.960416682323","0"
"401142","25470996","2022-06-27","2022-06-29","214.746927749646","40.0236445482519","37.1675006649338","2"
"401143","25470997","2022-06-17","2022-06-20","236.222587317801","40.3027182722003","37.1702655568939","3"
"401144","25471000","2022-06-15","2022-06-15","21.4747780674338","40.6091870489248","37.1770833491203","0"
"401145","25471001","2022-06-14","2022-06-15","42.9495560123444","40.6640961293462","37.1770833491203","1"
"401146","25471002","2022-06-16","2022-06-16","21.4747781390786","40.6876285923839","37.1770833491203","0"
"401147","25471004","2022-06-16","2022-06-20","257.696812351871","42.5185166118884","37.1680559202535","4"
"401148","25471005","2022-06-22","2022-06-22","21.4747577642441","39.5402013933538","37.1729166824511","0"
"401149","25471008","2022-06-18","2022-06-18","21.4747580004811","40.387323343457","37.1729166824511","0"
"401150","25471009","2022-06-18","2022-06-18","21.4747578646183","40.4709897088993","37.1729166824511","0"
"401151","25471010","2022-06-20","2022-06-20","21.4747377806425","40.0713648483475","37.1687500157819","0"
"401152","25471012","2022-06-17","2022-06-18","42.9494553543806","40.5669882550691","37.1666667398769","1"
"401153","25471014","2022-06-26","2022-06-28","107.373547103858","39.8967787984006","37.1629167375688","2"
"401154","25471016","2022-06-17","2022-06-17","21.4747175462842","40.3567270972671","37.1645833491127","0"
"401155","25471017","2022-06-17","2022-06-18","64.424191387558","40.3779003991528","37.1618056274562","1"
"401156","25471023","2022-06-29","2022-07-12","2984.961781916","40.0461670520021","37.1300554642668","13"
"401157","25471026","2022-06-17","2022-06-18","42.9493947463751","40.4616823339301","37.1604166824435","1"
"401158","25471028","2022-06-20","2022-06-28","322.120695236337","42.3619066673737","37.1512502831255","8"
"401159","25471029","2022-06-22","2022-06-29","193.270279607069","39.2179270216082","37.1497688301209","7"
"401160","25471031","2022-06-22","2022-06-29","107.372936278701","39.9944067918668","37.1537500672599","7"
"401161","25471086","2022-06-11","2022-06-22","472.44177715373","40.5059213370916","37.1134476205165","11"
"401162","25471088","2022-06-16","2022-06-17","42.9489909815907","41.0821275847158","37.1187500157517","1"
"401163","25471090","2022-06-22","2022-06-22","21.4744753290534","40.1785341786652","37.1145833490825","0"
"401164","25471092","2022-06-18","2022-06-18","21.4744753055692","40.4032141929285","37.1145833490825","0"
"401165","25471085","2022-06-19","2022-06-19","21.4745157088876","40.397210371357","37.1229166824209","0"
"401166","25471093","2022-06-18","2022-06-18","21.4744754942417","40.4606904756471","37.1145833490825","0"
"401167","25471199","2022-06-17","2022-06-17","21.4737095688581","40.3086295032826","36.9562500156538","0"
"401168","25471147","2022-06-25","2022-06-28","429.474943150532","38.3583914081188","37.026875588473","3"
"401169","25471197","2022-06-16","2022-06-16","21.4737498353958","40.2504635770954","36.9645833489922","0"
"401170","25471036","2022-06-24","2022-07-11","4251.94315921007","39.9616372346598","37.1172796490431","17"
"401171","25471037","2022-06-22","2022-06-24","85.8995313312172","40.1086771254983","37.1479167745173","2"
"401172","25471038","2022-06-21","2022-06-21","21.474656933248","40.2193621074827","37.1520833491052","0"
"401173","25471040","2022-06-18","2022-06-18","64.4239712816238","40.3971041379825","37.1520833491052","0"
"401174","25471042","2022-06-24","2022-06-28","171.795986647904","40.487951839942","37.1447919837384","4"
"401175","25471044","2022-06-11","2022-06-20","816.033621153867","40.8319987381933","37.1399133328281","9"
"401176","25471045","2022-06-22","2022-06-22","21.4746367650747","40.2014638623128","37.147916682436","0"
"401177","25471047","2022-06-22","2022-06-30","64.4238904656649","40.4551219769078","37.1465278445557","8"
"401178","25471048","2022-06-22","2022-06-22","42.9492738043784","40.6013613963429","37.147916682436","0"
"401179","25471049","2022-06-20","2022-06-20","107.37418994348","40.3127293385209","37.1487501187727","0"
"401180","25471050","2022-06-30","2022-07-01","107.374018847418","39.0546925103373","37.1420834006445","1"
"401181","25471051","2022-06-30","2022-06-30","21.4746165871382","39.0806432091611","37.1437500157668","0"
"401182","25471052","2022-06-23","2022-06-23","21.4746165555716","39.8385771709497","37.1437500157668","0"
"401183","25471059","2022-06-26","2022-06-28","214.746146217871","42.394933537238","37.1433334615678","2"
"401184","25471060","2022-06-25","2022-06-25","42.9491929385543","39.065423504266","37.1395833490976","0"
"401185","25471061","2022-06-13","2022-06-16","42.9491727589965","39.5399772755822","37.1375000731319","3"
"401186","25471062","2022-06-16","2022-06-17","42.9491929823995","40.1107920754234","37.1395833490976","1"
"401187","25471066","2022-06-20","2022-06-22","42.9491526437044","40.3124187149083","37.1354166824284","2"
"401188","25471068","2022-06-16","2022-06-16","21.4745762209058","40.4038834274078","37.1354166824284","0"
"401189","25471071","2022-06-20","2022-06-20","21.4745762226582","40.4718286424075","37.1354166824284","0"
"401190","25471074","2022-06-16","2022-06-16","21.4745561404824","40.0149148437226","37.1312500157592","0"
"401191","25471075","2022-06-20","2022-06-23","64.4236483870983","40.3382029459765","37.1298611778482","3"
"401192","25471077","2022-06-18","2022-06-18","21.4745560188413","40.3598484791538","37.1312500157592","0"
"401193","25471079","2022-06-20","2022-06-25","64.4236278082848","40.8252298098227","37.1284722889594","5"
"401194","25471096","2022-06-24","2022-07-03","923.39567342155","39.8755468773005","37.092104598394","9"
"401195","25471097","2022-06-20","2022-06-25","171.794456635189","40.1604995883347","37.1052085469281","5"
"401196","25471098","2022-06-20","2022-06-20","21.4744552841902","40.2076724224209","37.1104166824133","0"
"401197","25471100","2022-06-25","2022-06-26","85.8977984249353","40.4739680679179","37.1052085200082","1"
"401198","25471103","2022-06-14","2022-06-18","85.8976193344831","40.1342303327296","37.1000003021948","4"
"401199","25471108","2022-06-22","2022-06-22","21.4744148685455","40.2711641844729","37.102083349075","0"
"401200","25471109","2022-06-17","2022-06-17","42.9488096337318","40.672313437255","37.1000000730313","0"
"401201","25471111","2022-06-27","2022-06-27","85.8976193951607","40.0506443004738","37.1000000730313","0"
"401202","25471113","2022-06-14","2022-06-18","85.8974782382488","40.213945492048","37.0927085065842","4"
"401203","25471114","2022-06-20","2022-06-20","107.372014511454","40.2875972212446","37.099583404073","0"
"401204","25471115","2022-06-16","2022-06-19","42.948728841269","40.419722528719","37.0916667396756","3"
"401205","25471119","2022-06-14","2022-06-19","171.789671532488","40.1059499049444","37.0786459027308","5"
"401206","25471121","2022-06-18","2022-06-18","21.4743140380383","40.348882543643","37.0812500157291","0"
"401207","25471122","2022-06-16","2022-06-16","21.474293860805","39.9027499670541","37.0770833490599","0"
"401208","25471124","2022-06-18","2022-06-18","21.4742735909224","40.3183369375575","37.0729166823907","0"
"401209","25471125","2022-06-18","2022-06-18","21.4742738878965","40.3392259146639","37.0729166823907","0"
"401210","25471126","2022-06-16","2022-06-16","21.4742736079812","40.4697820215788","37.0729166823907","0"
"401211","25471129","2022-06-18","2022-06-18","21.4742535681248","40.4101170978713","37.0687500157215","0"
"401212","25471130","2022-06-15","2022-06-15","21.474233452785","39.1651397350851","37.0645833490524","0"
"401213","25471131","2022-06-18","2022-06-18","42.9484669125915","40.2329713564172","37.0645833490524","0"
"401214","25471133","2022-06-27","2022-06-28","42.9484266010642","39.1551565939154","37.0604166823832","1"
"401215","25471134","2022-06-23","2022-06-24","171.791096934593","39.9389903652927","37.0541668539665","1"
"401216","25471135","2022-06-26","2022-06-29","64.4226396775126","40.0506239036684","37.0604166823832","3"
"401217","25471136","2022-06-19","2022-06-19","21.4742133189797","40.4213421485223","37.0604166823832","0"
"401218","25471138","2022-06-18","2022-06-20","107.370253226686","40.4864176687319","37.0512501438163","2"
"401219","25471141","2022-06-18","2022-06-18","21.4741730346918","40.4325655884894","37.0520833490448","0"
"401220","25471142","2022-06-24","2022-06-25","42.9483056234598","38.3604082658835","37.0479166823757","1"
"401221","25471143","2022-06-17","2022-06-20","42.9483055702329","40.553028226638","37.0479166823756","3"
"401222","25471145","2022-06-29","2022-06-29","21.4741325579882","39.6972935048249","37.0437500157065","0"
"401223","25471146","2022-06-18","2022-06-18","21.4741325897217","40.386364810318","37.0437500157065","0"
"401224","25471190","2022-06-14","2022-06-15","42.9476204800487","40.2179568375028","36.9770833489997","1"
"401225","25471148","2022-06-24","2022-07-04","450.961615751004","39.6812124722892","37.0310523526446","10"
"401226","25471149","2022-06-18","2022-06-23","558.319131106341","39.9649290265976","37.0277249106149","5"
"401227","25471150","2022-06-19","2022-06-19","21.474112480402","39.9874320971574","37.0395833490373","0"
"401228","25471153","2022-06-18","2022-06-18","64.4227518544197","40.5136484674037","37.0409722989071","0"
"401229","25471155","2022-06-16","2022-06-18","42.9481643642068","40.4695564562757","37.033333406186","2"
"401230","25471156","2022-06-24","2022-06-30","1009.27786862695","38.4013949777091","37.0161799144559","6"
"401231","25471158","2022-06-22","2022-06-22","128.84827403605","39.8058693634175","37.0284723249679","0"
"401232","25471159","2022-06-18","2022-06-18","42.9481444980383","40.2257451468528","37.0312500156989","0"
"401233","25471161","2022-06-16","2022-06-18","64.4221959732056","40.455527944728","37.029861177602","2"
"401234","25471164","2022-06-25","2022-06-25","21.4740318694115","39.6342167157366","37.0229166823606","0"
"401235","25471165","2022-06-28","2022-06-29","64.4220552495718","39.6466840851493","37.0201389553607","1"
"401236","25471168","2022-06-18","2022-06-20","107.370018588841","40.2772123976123","37.0170835866305","2"
"401237","25471169","2022-06-16","2022-06-18","128.844499727833","40.3923386753093","37.0173612461448","2"
"401238","25471170","2022-06-22","2022-06-25","85.8965974566936","39.6179107210185","37.0166667394747","3"
"401239","25471171","2022-06-24","2022-06-24","21.4740117645741","39.7051024439396","37.0187500156914","0"
"401240","25471172","2022-06-17","2022-06-18","42.948003307271","40.3693567243935","37.0166667394747","1"
"401241","25471173","2022-06-18","2022-06-20","85.8959057977676","39.8147846757211","37.0114583918529","2"
"401242","25471176","2022-06-21","2022-06-21","21.4739713730454","39.7007486986791","37.0104166823531","0"
"401243","25471177","2022-06-21","2022-06-21","21.4739712773919","39.9668639886347","37.0104166823531","0"
"401244","25471179","2022-06-15","2022-06-15","21.4739511637092","39.7246608031712","37.0062500156839","0"
"401245","25471181","2022-06-18","2022-06-18","21.4739514046788","40.3142564780573","37.0062500156839","0"
"401246","25471182","2022-06-22","2022-06-26","85.8962745706558","39.6092247993238","37.0000000727635","4"
"401247","25471183","2022-06-17","2022-06-18","42.9478621132374","39.8137876824736","37.0020833490147","1"
"401248","25471184","2022-06-16","2022-06-16","21.4739310251474","39.9520481167001","37.0020833490147","0"
"401249","25471186","2022-06-18","2022-06-18","85.8946397686243","40.3588477956644","36.9968751840218","0"
"401250","25471187","2022-06-23","2022-06-23","21.4739110449076","39.6316163772572","36.9979166823456","0"
"401251","25471188","2022-06-18","2022-06-18","21.4738909382343","40.3754477999982","36.9937500156764","0"
"401252","25471189","2022-06-15","2022-06-15","21.4738503934026","40.3605921038541","36.985416682338","0"
"401253","25471193","2022-06-17","2022-06-17","21.4738102648139","40.2935839123494","36.9770833489997","0"
"401254","25471194","2022-06-17","2022-06-17","21.4737699675083","40.2891723189837","36.9687500156613","0"
"401255","25471200","2022-06-22","2022-06-27","128.841652755356","39.5912729703128","36.9354168341735","5"
"401256","25471205","2022-06-13","2022-06-21","214.733647231293","39.8277887701113","36.871250213369","8"
"401257","25471207","2022-06-15","2022-06-20","171.786073452449","39.4912366338136","36.8630213565614","5"
"401258","25471209","2022-06-27","2022-07-04","429.462562327778","37.5332612175117","36.8602088140962","7"
"401259","25471213","2022-06-27","2022-06-27","21.4732264556408","37.5271511654681","36.8562500155939","0"
"401260","25471216","2022-06-27","2022-06-28","42.9464127192497","39.7042850515318","36.8520833489247","1"
"401261","25471218","2022-06-29","2022-07-07","386.51578138814","39.6725501273548","36.8444448794634","8"
"401262","25471220","2022-06-20","2022-06-22","42.946332317853","39.5021087128812","36.8437500155864","2"
"401263","25471221","2022-06-22","2022-06-29","472.414667567444","39.7232380642118","36.8361744321636","7"
"401264","25471222","2022-06-18","2022-06-23","171.78466462369","39.8880385640348","36.8375001811619","5"
"401265","25471223","2022-06-20","2022-06-28","236.204589635885","37.6283922686841","36.8282199638482","8"
"401266","25471224","2022-06-20","2022-06-24","150.311801202226","39.5237200848732","36.8330357854466","4"
"401267","25471225","2022-06-25","2022-06-30","407.988669091511","39.7993421974967","36.8275223966623","5"
"401268","25471226","2022-06-24","2022-06-24","21.4731259475231","39.9637402995654","36.8354166822481","0"
"401269","25471230","2022-06-06","2022-06-19","1739.30396542315","39.4850621236838","36.7950897379205","13"
"401271","25471231","2022-06-20","2022-07-01","429.459762031925","39.8915322580164","36.8112503802165","11"
"401272","25471232","2022-06-11","2022-06-15","85.8919003204942","39.186361771903","36.8041669656098","4"
"401273","25471234","2022-06-12","2022-06-17","64.4187742423177","39.4372873295248","36.7937501666417","5"
"401274","25471236","2022-06-24","2022-06-27","42.9458899404049","39.8218851681983","36.7979166822256","3"
"401275","25471238","2022-06-18","2022-06-19","85.8916390727043","39.4200700857587","36.7906250580447","1"
"401276","25471240","2022-06-15","2022-06-15","21.4729046236157","39.1645935139618","36.7895833488873","0"
"401277","25471242","2022-06-20","2022-06-20","21.4729047220469","39.8149520910765","36.7895833488873","0"
"401278","25471243","2022-06-16","2022-06-16","42.9457693136454","39.7789702732537","36.7854166822182","0"
"401279","25471244","2022-06-18","2022-06-18","21.4728846820593","39.8283948374173","36.7854166822182","0"
"401280","25471247","2022-06-15","2022-06-19","236.201492708111","39.1573676912101","36.7698865476043","4"
"401281","25471250","2022-06-27","2022-07-04","1395.71634613783","39.6004656153035","36.752148745635","7"
"401282","25471252","2022-06-20","2022-06-25","64.4182923236489","39.5692338383491","36.7604168331053","5"
"401283","25471257","2022-06-23","2022-06-27","42.9453470897436","39.5664978587284","36.7416667387417","4"
"401284","25471258","2022-06-14","2022-06-20","150.308323515141","39.3837554709932","36.730059650076","6"
"424652","25525846","2022-07-02","2022-07-02","42.9787603823781","29.5409083217982","40.1520833510059","0"
"441888","25565907","2022-07-02","2022-07-02","21.4872529098272","44.2727020991979","39.7229166840559","0"
"441889","25565908","2022-07-08","2022-07-08","42.9745060994387","44.2862452934772","39.7229166840559","0"
"441890","25565909","2022-07-13","2022-07-13","21.4872526809692","44.2943712100448","39.7229166840559","0"
"441891","25565910","2022-07-09","2022-07-09","21.48721173985","42.9998631080397","39.7145833507171","0"
"441892","25565912","2022-07-09","2022-07-09","21.4871910345554","44.2646791841631","39.7104166840477","0"
"441893","25565913","2022-07-09","2022-07-09","21.4871497246981","44.2647490014198","39.7020833507089","0"
"441894","25565916","2022-07-01","2022-07-01","21.4870671608448","44.2865487317739","39.6854166840314","0"
"441895","25565917","2022-07-02","2022-07-03","42.9741344905138","44.3217419057767","39.6854166840314","1"
"441900","25565924","2022-07-03","2022-07-03","21.4859546618104","39.5611715954681","39.4604166838846","0"
"441904","25565928","2022-07-07","2022-07-07","21.485872325027","39.0661076442905","39.4437500172071","0"
"441908","25565932","2022-07-01","2022-07-03","42.9698526809692","42.9489119515313","39.2520833504164","2"
"441909","25565935","2022-07-01","2022-07-01","42.96862003901","42.6040303801386","39.1270833503358","0"
"441910","25565936","2022-07-04","2022-07-04","21.4840840691328","41.5376949084796","39.0812500169731","0"
"441912","25565939","2022-07-05","2022-07-05","42.9627195851803","42.1559306009995","38.5270833499538","0"
"441913","25565940","2022-07-07","2022-07-08","64.4435892295361","42.213611940036","38.4937500165995","1"
"441914","25565941","2022-07-04","2022-07-04","42.9579881281495","40.1196341608117","38.043750016318","0"
"441915","25565942","2022-07-01","2022-07-01","21.4781805773139","40.458905807238","37.8770833495481","0"
"441916","25565943","2022-07-03","2022-07-06","42.9558329071879","40.2946849854092","37.822916682848","3"
"441917","25565944","2022-07-01","2022-07-01","21.4778961666703","40.3003222085548","37.8187500161788","0"
"441918","25565946","2022-07-01","2022-07-02","85.9104587182999","39.0543360098808","37.7416667414331","1"
"441919","25565947","2022-07-02","2022-07-04","42.9550004144549","39.1021911251433","37.7375000747559","2"
"441920","25565948","2022-07-05","2022-07-05","21.4774696955204","39.1094270754827","37.7312500161249","0"
"441921","25565949","2022-07-01","2022-07-04","107.387187229478","39.0005496208398","37.7245834057111","3"
"441922","25565950","2022-07-01","2022-07-01","21.4774293052435","39.0839557206454","37.7229166827864","0"
"441923","25565951","2022-07-04","2022-07-04","21.477429236269","39.1102943928744","37.7229166827864","0"
"441924","25565952","2022-07-01","2022-07-01","21.4773683508992","39.1089631312766","37.7104166827788","0"
"441925","25565953","2022-07-02","2022-07-02","21.4771858178496","39.3155505222262","37.6729166827557","0"
"441926","25565954","2022-07-13","2022-07-15","64.4314154654145","39.3139096777368","37.6631945124992","2"
"441927","25565955","2022-07-15","2022-07-15","21.477125097239","39.0562915079248","37.660416682748","0"
"441928","25565956","2022-07-04","2022-07-04","21.4770845357299","39.3097808668698","37.6520833494096","0"
"441929","25565957","2022-07-04","2022-07-04","21.4770641697407","39.0549797602896","37.6479166827404","0"
"441930","25565958","2022-07-02","2022-07-02","21.4770437479734","39.1685555212448","37.6437500160712","0"
"441931","25565959","2022-07-02","2022-07-04","42.953966071856","39.0804173633974","37.6312500160635","2"
"441932","25565960","2022-07-04","2022-07-10","85.9078105304599","39.0929136557019","37.6250000744493","6"
"441933","25565961","2022-07-05","2022-07-05","21.4769223003149","39.3342331648449","37.6187500160558","0"
"441934","25565962","2022-07-06","2022-07-13","64.4306449247599","39.0983961172947","37.6104166827174","7"
"441935","25565963","2022-07-02","2022-07-09","107.3840033216","39.3420499570364","37.5937501093586","7"
"441936","25565964","2022-07-02","2022-07-07","107.38317449683","39.3401133149956","37.5562502173961","5"
"441937","25565965","2022-07-02","2022-07-06","85.9063515238047","39.3662446168086","37.5500000742455","4"
"441938","25565966","2022-07-02","2022-07-14","579.862180036926","39.3360983217235","37.5256948135562","12"
"441939","25565967","2022-07-02","2022-07-02","21.4765169254303","39.3848174172771","37.5354166826715","0"
"441940","25565968","2022-07-01","2022-07-06","171.812353914118","39.2760469291337","37.523437599159","5"
"441941","25565969","2022-07-07","2022-07-07","21.4764359173298","39.1921537770131","37.5187500159946","0"
"441942","25565970","2022-07-02","2022-07-02","42.9528720653534","39.22104686002","37.5187500159946","0"
"441943","25565971","2022-07-09","2022-07-09","21.4764157943487","39.3948323218124","37.5145833493254","0"
"441944","25565972","2022-07-06","2022-07-06","21.4763955972314","39.3401060829938","37.5104166826562","0"
"441945","25565973","2022-07-03","2022-07-08","408.04957115432","39.2154244119917","37.489365016779","5"
"441946","25566012","2022-07-01","2022-07-01","64.4249371357441","40.4416681922621","37.1506945010588","0"
"441947","25565974","2022-07-02","2022-07-06","386.57683531388","39.3879893785691","37.4888899950785","4"
"441948","25565975","2022-07-15","2022-07-15","21.4762739156723","39.2219189743725","37.4854166826409","0"
"441949","25565976","2022-07-03","2022-07-03","21.4762536429048","39.4507603167339","37.4812500159717","0"
"441950","25565977","2022-07-04","2022-07-04","21.4762534758449","39.4612616171442","37.4812500159717","0"
"441951","25565978","2022-07-04","2022-07-04","21.4761524852276","39.1930545813957","37.4604166826257","0"
"441952","25565979","2022-07-13","2022-07-14","42.9523050951123","39.4791352717701","37.4604166826257","1"
"441953","25565980","2022-07-03","2022-07-07","128.856410724211","39.578414336219","37.4562501857649","4"
"441954","25565981","2022-07-11","2022-07-11","21.4760513942719","39.4025451330997","37.4395833492796","0"
"441955","25565982","2022-07-11","2022-07-11","21.4760514140725","39.57572006676","37.4395833492796","0"
"441956","25565983","2022-07-03","2022-07-03","21.4759704381108","39.5196904084504","37.4229166826028","0"
"441957","25565984","2022-07-01","2022-07-01","21.4759500263572","39.265670787792","37.4187500159336","0"
"441958","25565985","2022-07-02","2022-07-04","42.9518394964218","39.3909173054154","37.4125000738729","2"
"441959","25565986","2022-07-02","2022-07-04","42.9518396982908","39.5299315828368","37.4125000738729","2"
"441960","25565987","2022-07-02","2022-07-02","21.4758895378947","39.4899159788423","37.406250015926","0"
"441961","25565988","2022-07-02","2022-07-02","21.4758895656943","39.5633514339399","37.406250015926","0"
"441962","25565989","2022-07-04","2022-07-04","42.9517383905292","39.5008328063589","37.4020833492568","0"
"441963","25565990","2022-07-03","2022-07-04","64.427587437582","39.5306966716174","37.4006945118482","1"
"441964","25565991","2022-07-02","2022-07-02","21.4758489782453","39.2809771494369","37.3979166825876","0"
"441965","25565992","2022-07-04","2022-07-04","85.9025748250365","39.5529055362431","37.3864583926659","0"
"441966","25565993","2022-07-04","2022-07-04","21.4757479910016","39.568934351446","37.3770833492416","0"
"441967","25565994","2022-07-08","2022-07-08","21.4757275580168","39.4828474341421","37.3729166825724","0"
"441968","25565995","2022-07-07","2022-07-07","21.4755052218914","39.4692303493629","37.3270833492112","0"
"441970","25565997","2022-07-01","2022-07-01","21.4752828735352","39.0314852146836","37.28125001585","0"
"441971","25565999","2022-07-01","2022-07-01","42.9504850881338","39.0140741884655","37.2729166825116","0"
"441972","25566000","2022-07-02","2022-07-02","21.4751819601178","39.0049808756893","37.2604166825041","0"
"441973","25566001","2022-07-04","2022-07-06","107.375462277496","39.7878957835229","37.2579167342072","2"
"441974","25566002","2022-07-07","2022-07-07","21.4751415573955","39.5817110102269","37.2520833491657","0"
"441975","25566003","2022-07-01","2022-07-01","21.4750809886098","39.3343926580893","37.2395833491581","0"
"441976","25566004","2022-07-01","2022-07-01","21.4749597228646","40.3259053118772","37.214583349143","0"
"441977","25566005","2022-07-02","2022-07-04","42.9498589772582","39.0695966245492","37.2083334066555","2"
"441978","25566006","2022-07-02","2022-07-02","21.4748992617607","39.2886859328936","37.2020833491354","0"
"441979","25566007","2022-07-04","2022-07-04","21.4748992781639","39.7071793587138","37.2020833491354","0"
"441980","25566008","2022-07-04","2022-07-04","42.9496369617224","39.7114901515718","37.1854166824586","0"
"441981","25566009","2022-07-09","2022-07-09","21.474818477273","40.231876463974","37.1854166824586","0"
"441982","25566010","2022-07-04","2022-07-04","21.4746973252058","40.453839909392","37.1604166824435","0"
"441984","25566014","2022-07-04","2022-07-04","21.4745966480851","40.5524602967374","37.1395833490976","0"
"441986","25566016","2022-07-01","2022-07-05","85.8972178157449","40.4625100752075","37.130208518266","4"
"441987","25566017","2022-07-10","2022-07-10","42.9491528726696","40.4639888099075","37.1354166824284","0"
"441988","25566019","2022-07-13","2022-07-13","42.9491123372078","39.9600390380859","37.1312500157592","0"
"441989","25566020","2022-07-05","2022-07-05","85.8981036386013","40.6204204782715","37.1250000730983","0"
"441990","25566021","2022-07-11","2022-07-11","64.4235476333737","40.4546929810308","37.1229166824209","0"
"441991","25566022","2022-07-11","2022-07-12","85.8982905134559","39.8728649312985","37.1145834411785","1"
"441992","25566023","2022-07-08","2022-07-10","85.8971879166842","40.3789809272218","37.1083334063869","2"
"441993","25566024","2022-07-11","2022-07-12","150.315098255062","39.9161530572392","37.0997024509737","1"
"441994","25566025","2022-07-08","2022-07-09","107.369642887676","39.9898246679219","37.099583404073","1"
"441996","25566028","2022-07-02","2022-07-02","21.4743747245908","40.0264457283014","37.0937500157366","0"
"441997","25566032","2022-07-11","2022-07-11","21.4740721080065","39.6751007829004","37.0312500156989","0"
"441999","25566036","2022-07-02","2022-07-04","64.4200815958619","37.5355896091981","36.8840278439139","2"
"442000","25566037","2022-07-04","2022-07-04","21.4733069836378","40.087521831052","36.8729166822705","0"
"442001","25566040","2022-07-05","2022-07-05","42.9462117478251","37.6320123830126","36.8312500155789","0"
"442002","25566041","2022-07-04","2022-07-06","42.9462116617322","40.0058120297967","36.8312500155789","2"
"442004","25566050","2022-07-01","2022-07-01","21.4726034247756","39.6109688897486","36.72708334885","0"
"449231","25470822","2022-06-27","2022-07-16","6013.2928556435","39.4340374821226","37.4388184984347","19"
"469011","25525847","2022-07-22","2022-07-28","2513.5769613566","26.2325359941599","39.0409748248052","6"
"469012","25525848","2022-07-26","2022-07-26","21.4832635242105","27.918497919158","38.9145833501997","0"
"469017","25525849","2022-07-13","2022-07-19","730.320814612341","26.4731327987104","38.266177591746","6"
"469018","25525851","2022-07-26","2022-07-29","171.823519136298","27.4690114008098","37.8109376459496","3"
"469019","25525852","2022-07-12","2022-07-16","472.49937857399","26.6020350505983","37.6875002023031","4"
"469020","25525853","2022-07-12","2022-07-17","730.066823964024","27.5699265817382","36.7063734888637","5"
"486859","25566031","2022-07-20","2022-07-20","21.4741527034402","40.0231450694556","37.0479166823756","0"
"487048","25566034","2022-07-16","2022-07-16","21.4739511666298","39.604654603858","37.0062500156839","0"
"488004","25566033","2022-07-29","2022-07-30","150.316718082702","39.8135122858695","37.0193453305481","1"
"488047","25566013","2022-07-15","2022-07-16","85.8984669902444","41.853636083153","37.1437500157668","1"
"488073","25565945","2022-07-26","2022-07-28","343.64860398922","38.5511941864356","37.7841148101977","2"
"488083","25565906","2022-07-27","2022-07-27","42.9757849968433","39.9243805520868","39.8520833508074","0"
"488085","25565914","2022-07-30","2022-07-30","21.487149793005","44.275580285203","39.7020833507089","0"
"488086","25565915","2022-07-16","2022-07-16","21.4870878433704","44.283806765378","39.6895833507008","0"
"488091","25565933","2022-07-30","2022-08-01","107.423419084764","42.296722063213","39.2029170198779","2"
"488093","25565938","2022-07-22","2022-07-28","730.411283948087","41.6272205786743","38.8067411393318","6"
"488094","25565998","2022-07-18","2022-07-18","21.4752829934835","39.5342050886487","37.28125001585","0"
"488095","25566018","2022-07-20","2022-07-20","42.9490921108007","39.9537127820629","37.1291667397762","0"
"488096","25566027","2022-07-22","2022-07-22","21.4743745911121","39.9794326109698","37.0937500157366","0"
"488097","25566029","2022-07-20","2022-07-20","85.8967647176862","39.9181313253937","37.0864583920148","0"
"488098","25566030","2022-07-22","2022-07-22","85.8971354931116","39.9355993449198","37.0750000729642","0"
"488099","25566038","2022-07-29","2022-08-02","236.206549183369","40.0905441895488","36.8687501477486","4"
"488100","25566039","2022-07-31","2022-07-31","42.9464129325628","39.9750552577841","36.8520833489247","0"
"488101","25566043","2022-07-28","2022-07-29","42.9460908893824","39.8691560414706","36.8187500155714","1"
"488102","25566044","2022-07-27","2022-07-27","21.4729650623322","39.8786906949702","36.8020833488948","0"
"488103","25566045","2022-07-27","2022-07-27","42.9456889976621","39.7434331460253","36.7770833488798","0"
"488104","25566046","2022-07-27","2022-07-27","21.472804226768","39.6116776749535","36.7687500155415","0"
"488105","25566047","2022-07-22","2022-07-22","42.9455081240416","39.6323016306021","36.7583334054526","0"
"488106","25566048","2022-07-22","2022-07-22","21.4726837527275","39.5727715756017","36.7437500155266","0"
"488107","25566049","2022-07-29","2022-07-29","21.4726033135414","39.5901743657564","36.72708334885","0"
"523637","25640406","2022-08-15","2022-08-15","21.4756062374234","36.0471204765861","37.3479166825572","0"
"523660","25640380","2022-08-01","2022-08-02","42.9878850321531","33.5025895486407","41.0687500182916","1"
"523661","25640382","2022-08-12","2022-08-12","21.4821165909767","30.9763856244676","38.681250016718","0"
"523662","25640384","2022-08-13","2022-08-13","21.476172695601","29.404959440345","37.4645833492949","0"
"523663","25640392","2022-08-14","2022-08-15","42.9516574779272","35.9196817867507","37.3937500159184","1"
"523664","25640394","2022-08-15","2022-08-15","21.4758086279035","35.951772753788","37.3895833492492","0"
"523665","25640396","2022-08-15","2022-08-15","21.4757680415154","35.9110717489765","37.3812500159108","0"
"523666","25640405","2022-08-15","2022-08-15","21.4756063922882","35.9842247374778","37.3479166825572","0"
"523667","25640414","2022-08-12","2022-08-12","21.4755456136584","35.9677548212744","37.3354166825496","0"
"523668","25640421","2022-08-09","2022-08-09","21.4754649039388","36.0593237878652","37.3187500158728","0"
"523669","25640422","2022-08-14","2022-08-14","21.4754445565462","35.9577842295565","37.3145833492036","0"
"523670","25640426","2022-08-12","2022-08-12","21.4753838825822","36.0565691217052","37.302083349196","0"
"523671","25640475","2022-08-08","2022-08-08","64.4237896717668","36.093963340751","37.1395833490976","0"
"523672","25640487","2022-08-07","2022-08-07","21.4744348601818","36.0415007114917","37.1062500157442","0"
"523673","25640490","2022-08-05","2022-08-05","21.4742737489343","36.0569856078567","37.0729166823907","0"
"523674","25640492","2022-08-09","2022-08-10","42.9484668411255","35.9616448710886","37.0645833490524","1"
"523675","25640493","2022-08-10","2022-08-10","21.474193028307","35.9550844894077","37.056250015714","0"
"546330","25640404","2022-08-24","2022-08-24","21.4756264735579","36.0124299196104","37.3520833492264","0"
"546335","25640432","2022-08-16","2022-08-16","21.4751817427278","36.0209074444997","37.2604166825041","0"
"546359","25640381","2022-08-17","2022-08-17","21.4894007338047","28.5259802431506","40.1562500176754","0"
"546360","25640383","2022-08-17","2022-08-17","21.4799921432972","33.7141903048454","38.2479166831119","0"
"546361","25640407","2022-08-31","2022-08-31","21.475606367588","36.0576030997708","37.3479166825572","0"
"546362","25640408","2022-08-21","2022-08-24","85.9023897469521","35.9384912586028","37.3427083908619","3"
"546363","25640409","2022-08-17","2022-08-17","21.4755861069679","36.0084330835164","37.343750015888","0"
"546364","25640385","2022-08-22","2022-08-29","1438.88929492257","35.9836559838562","37.4170130046053","7"
"546365","25640387","2022-08-17","2022-08-17","21.4760108230114","36.0085050975103","37.4312500159412","0"
"546366","25640389","2022-08-24","2022-08-28","171.806569952297","35.924675295881","37.4041669108344","4"
"546367","25640390","2022-08-19","2022-08-19","85.9030598748446","35.9937434308177","37.4114583927204","0"
"546368","25640391","2022-08-31","2022-08-31","21.4758288562179","35.8960814702023","37.3937500159184","0"
"546369","25640393","2022-08-20","2022-08-20","21.4758085803747","35.9465285304996","37.3895833492492","0"
"546370","25640395","2022-08-24","2022-08-27","64.4273649163127","35.9287990595511","37.38541668258","3"
"546371","25640397","2022-08-16","2022-08-17","64.4278824438453","35.9243894567178","37.3798611784635","1"
"546372","25640399","2022-08-22","2022-08-27","279.185405480301","35.9286921636791","37.3633017615404","5"
"546373","25640400","2022-08-22","2022-08-22","21.4757276098609","35.980484764209","37.3729166825724","0"
"546374","25640440","2022-08-20","2022-08-23","42.9497377548814","35.9142248368627","37.1958334066219","3"
"546375","25640441","2022-08-28","2022-08-28","21.4748789657354","36.0590649054707","37.1979166824662","0"
"546376","25640442","2022-08-27","2022-08-27","21.4748587131977","36.0413830639283","37.193750015797","0"
"546377","25640443","2022-08-19","2022-08-19","21.474858833456","36.1093807389634","37.193750015797","0"
"546378","25640444","2022-08-27","2022-08-29","42.9496569741249","36.1168524672853","37.1875000732662","2"
"546379","25640445","2022-08-24","2022-08-24","21.4748183470488","35.9798757405266","37.1854166824586","0"
"546380","25640446","2022-08-17","2022-08-17","21.474818298173","36.0269458592363","37.1854166824586","0"
"546381","25640401","2022-08-22","2022-09-04","1202.63086610855","35.9740731739125","37.3404061027011","13"
"546382","25640402","2022-08-18","2022-08-18","21.4756871566057","35.9397911332562","37.364583349234","0"
"546383","25640403","2022-08-24","2022-08-24","21.475667098856","36.0531236963479","37.3604166825648","0"
"546384","25640410","2022-08-26","2022-08-26","21.4755860675812","36.0451202287873","37.343750015888","0"
"546385","25640411","2022-08-26","2022-08-26","21.4755860138297","36.0556022702933","37.343750015888","0"
"546386","25640412","2022-08-14","2022-08-17","42.9511114873052","35.9582713560421","37.3375000736702","3"
"546387","25640413","2022-08-24","2022-08-26","42.9511317979336","36.0300185686322","37.3395833492188","2"
"546388","25640416","2022-08-21","2022-08-22","42.951030570817","36.0433626924934","37.3291667403144","1"
"546389","25640417","2022-08-17","2022-08-17","21.4755050625801","35.963765350538","37.3270833492112","0"
"546390","25640419","2022-08-17","2022-08-17","21.4754849245548","36.0613230139422","37.322916682542","0"
"546391","25640420","2022-08-24","2022-08-24","21.4754647956133","35.9388204174157","37.3187500158728","0"
"546392","25640423","2022-08-15","2022-08-19","85.9017583617568","36.0581350141309","37.313541725836","4"
"546393","25640424","2022-08-26","2022-08-26","21.4754243883848","36.0500878764414","37.3104166825344","0"
"546394","25640425","2022-08-26","2022-08-26","21.475424472928","36.0710426612275","37.3104166825344","0"
"546395","25640427","2022-08-24","2022-08-24","21.4753638140202","35.9917177605298","37.2979166825268","0"
"546396","25640428","2022-08-17","2022-08-17","21.4753435176969","36.0263869459566","37.2937500158576","0"
"546397","25640429","2022-08-26","2022-08-29","128.852301114726","36.0251404155608","37.2875002228055","3"
"546398","25640430","2022-08-22","2022-08-22","21.4753436730027","36.0578121580922","37.2937500158576","0"
"546399","25640431","2022-08-27","2022-08-27","21.4752019581795","36.0176648205129","37.2645833491732","0"
"546400","25640433","2022-08-31","2022-08-31","21.4750404794574","35.8918385752377","37.2312500158197","0"
"546401","25640434","2022-08-23","2022-08-23","21.4750203068495","35.9160198476825","37.2270833491505","0"
"546402","25640435","2022-08-26","2022-08-28","128.848850386775","35.9388753991923","37.220139068558","2"
"546403","25640436","2022-08-30","2022-08-30","21.474939416337","35.8923899780134","37.2104166824738","0"
"546404","25640437","2022-08-24","2022-08-24","21.4749193830609","35.8747138388612","37.2062500158046","0"
"546405","25640438","2022-08-26","2022-08-28","42.9498185972095","35.9129586052137","37.2041667399777","2"
"546406","25640439","2022-08-22","2022-08-26","128.850070918655","35.9377020445401","37.2048611780323","4"
"546407","25640447","2022-08-26","2022-08-26","21.4748184864044","36.100166043896","37.1854166824586","0"
"546408","25640448","2022-08-24","2022-08-28","85.8992152345061","36.0488054852459","37.1791667331056","4"
"546409","25640449","2022-08-17","2022-08-17","21.4747981841326","36.0563368101653","37.1812500157894","0"
"546410","25640450","2022-08-27","2022-08-27","21.4747780325651","35.9497593674501","37.1770833491203","0"
"546411","25640451","2022-08-19","2022-08-19","21.474778170073","36.0386597833705","37.1770833491203","0"
"546412","25640452","2022-08-21","2022-08-21","21.4747782096624","36.1118718905991","37.1770833491203","0"
"546413","25640453","2022-08-23","2022-08-23","21.47475807693","35.9791517142165","37.1729166824511","0"
"546414","25640454","2022-08-24","2022-08-24","21.4747577246666","36.0262140447778","37.1729166824511","0"
"546415","25640485","2022-08-26","2022-08-26","21.4744552361727","36.0800574248738","37.1104166824133","0"
"546416","25640486","2022-08-26","2022-08-26","42.9488903232455","36.0921265610945","37.108333406387","0"
"546417","25640488","2022-08-26","2022-08-26","21.4744149368525","36.0813122449442","37.102083349075","0"
"546418","25640489","2022-08-26","2022-08-26","21.4743947972894","36.0584319863047","37.0979166824058","0"
"546421","25640455","2022-08-23","2022-09-01","987.832498274875","35.848345635201","37.1444771327449","9"
"546422","25640456","2022-08-23","2022-08-30","837.512255890059","35.9513199109687","37.1473842036224","7"
"546423","25640457","2022-08-26","2022-08-26","21.4747376449466","35.9876255717152","37.1687500157819","0"
"546424","25640458","2022-08-23","2022-08-23","21.4747173950791","35.922898687811","37.1645833491127","0"
"546425","25640459","2022-08-28","2022-08-28","21.4747173688769","36.0274701125623","37.1645833491127","0"
"546426","25640460","2022-08-28","2022-08-28","42.9494149315596","36.1049036866973","37.162500073199","0"
"546427","25640461","2022-08-20","2022-08-20","21.4746974642873","35.8634074130628","37.1604166824435","0"
"546428","25640505","2022-08-19","2022-08-19","21.4721817376494","35.2248180540652","36.6395833487979","0"
"546429","25640462","2022-08-19","2022-08-23","85.8986683331013","35.8865820476601","37.1541669694575","4"
"546430","25640463","2022-08-21","2022-08-21","21.4746974469543","35.9470599414697","37.1604166824435","0"
"546431","25640464","2022-08-23","2022-08-29","107.373325520408","35.9919865851475","37.1537502545748","6"
"546432","25640465","2022-08-19","2022-08-19","21.4746973825216","36.0307124698766","37.1604166824435","0"
"546433","25640466","2022-08-24","2022-08-26","42.9493946415186","36.0385548944148","37.1604166824435","2"
"546434","25640467","2022-08-17","2022-08-19","42.9493542102337","35.9738327192754","37.1562500157743","2"
"546435","25640468","2022-08-17","2022-08-17","21.4746771010876","35.9869027064572","37.1562500157743","0"
"546436","25640469","2022-08-26","2022-08-26","21.474677146256","36.007814685948","37.1562500157743","0"
"546437","25640470","2022-08-28","2022-08-28","21.4746368602514","35.8836159785371","37.147916682436","0"
"546438","25640471","2022-08-21","2022-08-24","42.9492733838558","36.079644181493","37.147916682436","3"
"546439","25640472","2022-08-25","2022-08-25","21.474616513145","36.1377685851132","37.1437500157668","0"
"546440","25640476","2022-08-26","2022-08-26","21.474596515131","36.1253243978857","37.1395833490976","0"
"546441","25640478","2022-08-19","2022-08-19","64.4236685522079","35.964558241972","37.1312501687082","0"
"546442","25640479","2022-08-26","2022-08-26","21.4745761994004","36.0919755524297","37.1354166824284","0"
"546443","25640480","2022-08-24","2022-08-27","64.4243019656181","36.1418354909719","37.1340278445251","3"
"546444","25640481","2022-08-24","2022-08-24","21.4745360292077","35.999159554124","37.1270833490901","0"
"546445","25640482","2022-08-18","2022-08-18","21.4745156448841","35.9396952757394","37.1229166824209","0"
"546446","25640484","2022-08-27","2022-08-27","21.4744954543948","36.010872837723","37.1187500157517","0"
"546447","25640491","2022-08-19","2022-08-28","343.587367510389","35.965968789432","37.0544277590073","9"
"546448","25640494","2022-08-17","2022-08-17","42.9482046076655","35.9435939919284","37.0375000728638","0"
"546449","25640495","2022-08-28","2022-08-28","21.4737699644804","35.8511313322049","36.9687500156614","0"
"546450","25640496","2022-08-30","2022-08-30","21.4733674337268","36.119317951468","36.885416682278","0"
"546451","25640497","2022-08-17","2022-08-29","1138.04799204448","35.0041892743829","36.731800961151","12"
"546452","25640499","2022-08-16","2022-08-23","193.254498130035","34.9370869228466","36.7289352599109","7"
"546453","25640500","2022-08-28","2022-08-28","21.4726233811736","34.9496933067269","36.7312500155192","0"
"546454","25640503","2022-08-21","2022-08-21","21.4725630075693","35.0115800823655","36.7187500155117","0"
"546455","25640504","2022-08-23","2022-08-23","21.4722417724371","35.1578254613738","36.6520833488053","0"
"546456","25640506","2022-08-22","2022-08-22","42.9442629281044","35.2356325705755","36.6291667384434","0"
"546457","25640507","2022-08-23","2022-08-23","42.9441626191854","35.2542319579027","36.6187500154521","0"
"550784","25689453","2022-08-02","2022-08-02","21.484864589119","42.3306552025877","39.2395833504083","0"
"550843","25689395","2022-08-07","2022-08-07","42.9861396327019","40.1384678450565","40.8937500181719","0"
"550845","25689397","2022-08-07","2022-08-07","21.4928620129585","40.1269865368974","40.8520833514768","0"
"550846","25689454","2022-08-07","2022-08-07","21.484720775032","42.3130685807818","39.2104166837228","0"
"550847","25689455","2022-08-02","2022-08-03","64.4480897861958","41.6205689854117","38.7993056264879","1"
"550848","25689456","2022-08-02","2022-08-02","21.4826486685038","41.6184559423579","38.7895833501201","0"
"550887","25689458","2022-08-01","2022-08-04","128.866037584984","38.5261361340592","37.772916839356","3"
"550888","25689459","2022-08-14","2022-08-14","150.336782242346","38.3716259477523","37.6872024525812","0"
"550896","25689483","2022-08-05","2022-08-05","21.4742737056375","40.0154467695151","37.0729166823907","0"
"550897","25689484","2022-08-05","2022-08-05","21.4742735174775","40.0258912580682","37.0729166823907","0"
"550898","25689486","2022-08-11","2022-08-12","128.846012768793","40.1254242591181","37.0652779015753","1"
"550899","25689492","2022-08-01","2022-08-02","107.36461014986","39.9566227196512","36.8337500736381","1"
"605065","25689460","2022-08-16","2022-08-19","107.381430032718","43.4304279208029","37.4879167384185","3"
"605118","25689476","2022-08-30","2022-08-30","21.4744350646019","39.9076615473865","37.1062500157442","0"
"605119","25689477","2022-08-26","2022-08-26","21.474415060091","39.8427753328004","37.102083349075","0"
"605120","25689478","2022-08-18","2022-08-18","21.4744149045467","40.0987637929461","37.102083349075","0"
"605121","25689479","2022-08-26","2022-09-03","386.538811128139","40.0918143772834","37.0900467511385","8"
"605123","25689481","2022-08-23","2022-08-24","42.9486280653119","40.0746845844772","37.0812500157291","1"
"605125","25689485","2022-08-06","2022-08-26","2040.04896174469","40.070361186962","37.051689695969","20"
"605126","25689487","2022-08-21","2022-08-21","21.4742334063649","39.8282918911202","37.0645833490524","0"
"605128","25689491","2022-08-28","2022-08-28","21.4733672153831","40.0888744927434","36.885416682278","0"
